precision,recall,f1-score,support-0,support-1,support-2,support-3,support-4,iterations,cancer,p,sampling,model,selection
0.11634199134199134,0.22142857142857145,0.14706128717018008,2.0,4.0,7.0,6.0,3.0,2,STAD,200,random_sampling,enet,rfreg
0.08306818181818182,0.1880952380952381,0.1099359411203489,2.0,4.0,7.0,6.0,3.0,2,STAD,100,random_sampling,enet,rfreg
0.09015151515151515,0.20238095238095238,0.11627586206896551,2.0,4.0,7.0,6.0,3.0,2,STAD,50,random_sampling,enet,rfreg
0.11181818181818182,0.20238095238095238,0.11772030651340996,2.0,4.0,7.0,6.0,3.0,2,STAD,26,random_sampling,enet,rfreg
0.06363636363636363,0.2,0.09655172413793103,2.0,4.0,7.0,6.0,3.0,2,STAD,10,random_sampling,enet,rfreg
0.06363636363636363,0.2,0.09655172413793103,2.0,4.0,7.0,6.0,3.0,2,STAD,6,random_sampling,enet,rfreg
0.23766233766233769,0.30119047619047623,0.24571175950486296,2.0,4.0,7.0,6.0,3.0,2,STAD,0,random_sampling,enet,rfreg
