precision,recall,f1-score,support-0,support-1,support-2,support-3,support-4,iterations,cancer,p,sampling,model,selection
0.28028330386933337,0.2784880952380955,0.2619809765379324,2.0000000000000013,4.000000000000003,7.000000000000019,6.000000000000005,3.0000000000000027,200,STAD,200,random_sampling,enet,rfreg
0.286981041833983,0.2750357142857142,0.263052379811227,2.0000000000000013,4.000000000000003,7.000000000000019,6.000000000000005,3.0000000000000027,200,STAD,100,random_sampling,enet,rfreg
0.2807113188282305,0.269845238095238,0.25657997784435393,2.0000000000000013,4.000000000000003,7.000000000000019,6.000000000000005,3.0000000000000027,200,STAD,50,random_sampling,enet,rfreg
0.25294238188282303,0.2553095238095238,0.2375003767132197,2.0000000000000013,4.000000000000003,7.000000000000019,6.000000000000005,3.0000000000000027,200,STAD,26,random_sampling,enet,rfreg
0.21294533484661188,0.2322261904761905,0.20801604925749853,2.0000000000000013,4.000000000000003,7.000000000000019,6.000000000000005,3.0000000000000027,200,STAD,10,random_sampling,enet,rfreg
0.18343662734324495,0.217404761904762,0.18635426556699614,2.0000000000000013,4.000000000000003,7.000000000000019,6.000000000000005,3.0000000000000027,200,STAD,6,random_sampling,enet,rfreg
0.22112976386358743,0.24123809523809522,0.21725416629271926,2.0000000000000013,4.000000000000003,7.000000000000019,6.000000000000005,3.0000000000000027,200,STAD,0,random_sampling,enet,rfreg
