precision,recall,f1-score,support-0,support-1,support-2,support-3,support-4,iterations,cancer,p,sampling,model,selection
0.2895238095238095,0.33095238095238094,0.29874542124542125,2.0,4.0,7.0,6.0,3.0,2,STAD,200,random_sampling,enet,rfreg
0.31179487179487175,0.3202380952380952,0.2887787650945546,2.0,4.0,7.0,6.0,3.0,2,STAD,100,random_sampling,enet,rfreg
0.39788961038961035,0.3476190476190476,0.3400502765208647,2.0,4.0,7.0,6.0,3.0,2,STAD,50,random_sampling,enet,rfreg
0.17414141414141412,0.23095238095238094,0.19694444444444442,2.0,4.0,7.0,6.0,3.0,2,STAD,26,random_sampling,enet,rfreg
0.2114177489177489,0.25595238095238093,0.22789987789987792,2.0,4.0,7.0,6.0,3.0,2,STAD,10,random_sampling,enet,rfreg
0.17472222222222222,0.21428571428571427,0.1872593247825446,2.0,4.0,7.0,6.0,3.0,2,STAD,6,random_sampling,enet,rfreg
0.2857142857142857,0.32857142857142857,0.2976190476190476,2.0,4.0,7.0,6.0,3.0,2,STAD,0,random_sampling,enet,rfreg
