precision,recall,f1-score,support-0,support-1,support-2,support-3,support-4,iterations,cancer,p,sampling,model,selection
0.4892063492063492,0.430952380952381,0.43064856711915533,2.0,4.0,7.0,6.0,3.0,2,STAD,200,random_sampling,enet,rfreg
0.35803030303030303,0.29166666666666663,0.2935480859010271,2.0,4.0,7.0,6.0,3.0,2,STAD,100,random_sampling,enet,rfreg
0.1301282051282051,0.1952380952380952,0.15401002506265665,2.0,4.0,7.0,6.0,3.0,2,STAD,50,random_sampling,enet,rfreg
0.14579365079365078,0.19166666666666668,0.16197223828802776,2.0,4.0,7.0,6.0,3.0,2,STAD,26,random_sampling,enet,rfreg
0.17637362637362636,0.22023809523809523,0.18487179487179486,2.0,4.0,7.0,6.0,3.0,2,STAD,10,random_sampling,enet,rfreg
0.18893557422969187,0.23214285714285712,0.18769841269841267,2.0,4.0,7.0,6.0,3.0,2,STAD,6,random_sampling,enet,rfreg
0.2857142857142857,0.32857142857142857,0.2976190476190476,2.0,4.0,7.0,6.0,3.0,2,STAD,0,random_sampling,enet,rfreg
