precision,recall,f1-score,support-0,support-1,support-2,support-3,support-4,iterations,cancer,p,sampling,model,selection
0.2511503356378744,0.2613809523809523,0.2412062193256109,2.0000000000000013,4.000000000000003,7.000000000000019,6.000000000000005,3.0000000000000027,200,STAD,200,random_sampling,enet,rfreg
0.24214197648756464,0.25478571428571417,0.2335101599224127,2.0000000000000013,4.000000000000003,7.000000000000019,6.000000000000005,3.0000000000000027,200,STAD,100,random_sampling,enet,rfreg
0.21587050833153779,0.23035714285714284,0.20897866857316713,2.0000000000000013,4.000000000000003,7.000000000000019,6.000000000000005,3.0000000000000027,200,STAD,50,random_sampling,enet,rfreg
0.20021029662631817,0.22038095238095237,0.19594967480329292,2.0000000000000013,4.000000000000003,7.000000000000019,6.000000000000005,3.0000000000000027,200,STAD,26,random_sampling,enet,rfreg
0.18184140672708785,0.2130714285714285,0.18283636533758538,2.0000000000000013,4.000000000000003,7.000000000000019,6.000000000000005,3.0000000000000027,200,STAD,10,random_sampling,enet,rfreg
0.1737422996121525,0.2070119047619046,0.17592136604767236,2.0000000000000013,4.000000000000003,7.000000000000019,6.000000000000005,3.0000000000000027,200,STAD,6,random_sampling,enet,rfreg
0.22184168037844504,0.24439285714285705,0.2193513091902043,2.0000000000000013,4.000000000000003,7.000000000000019,6.000000000000005,3.0000000000000027,200,STAD,0,random_sampling,enet,rfreg
