precision,recall,f1-score,support-0,support-1,support-2,support-3,support-4,iterations,cancer,p,sampling,model,selection
0.09356391190508823,0.1999880952380954,0.11591256126848307,2.0000000000000013,4.000000000000003,7.000000000000019,6.000000000000005,3.0000000000000027,200,STAD,200,random_sampling,enet,rfreg
0.09410933914296903,0.20001190476190495,0.11619257144654421,2.0000000000000013,4.000000000000003,7.000000000000019,6.000000000000005,3.0000000000000027,200,STAD,100,random_sampling,enet,rfreg
0.09410933914296903,0.20001190476190495,0.11619257144654421,2.0000000000000013,4.000000000000003,7.000000000000019,6.000000000000005,3.0000000000000027,200,STAD,50,random_sampling,enet,rfreg
0.09384152868545267,0.1996190476190478,0.11586492981281563,2.0000000000000013,4.000000000000003,7.000000000000019,6.000000000000005,3.0000000000000027,200,STAD,26,random_sampling,enet,rfreg
0.11039729066513106,0.20166666666666683,0.1284395134214517,2.0000000000000013,4.000000000000003,7.000000000000019,6.000000000000005,3.0000000000000027,200,STAD,10,random_sampling,enet,rfreg
0.11366959017504676,0.20003571428571443,0.12921994001474207,2.0000000000000013,4.000000000000003,7.000000000000019,6.000000000000005,3.0000000000000027,200,STAD,6,random_sampling,enet,rfreg
0.09356391190508823,0.1999880952380954,0.11591256126848307,2.0000000000000013,4.000000000000003,7.000000000000019,6.000000000000005,3.0000000000000027,200,STAD,0,random_sampling,enet,rfreg
