precision,recall,f1-score,support-0,support-1,support-2,support-3,support-4,iterations,cancer,p,sampling,model,selection
0.1255681818181818,0.23333333333333334,0.14914542728635682,2.0,4.0,7.0,6.0,3.0,2,STAD,200,random_sampling,enet,rfreg
0.10199362041467304,0.21666666666666667,0.12434423813734158,2.0,4.0,7.0,6.0,3.0,2,STAD,100,random_sampling,enet,rfreg
0.1207070707070707,0.23333333333333334,0.14427586206896553,2.0,4.0,7.0,6.0,3.0,2,STAD,50,random_sampling,enet,rfreg
0.11681818181818181,0.21666666666666667,0.12512771392081737,2.0,4.0,7.0,6.0,3.0,2,STAD,26,random_sampling,enet,rfreg
0.10199362041467304,0.21666666666666667,0.12434423813734158,2.0,4.0,7.0,6.0,3.0,2,STAD,10,random_sampling,enet,rfreg
0.06363636363636363,0.2,0.09655172413793103,2.0,4.0,7.0,6.0,3.0,2,STAD,6,random_sampling,enet,rfreg
0.20086580086580086,0.3047619047619048,0.22922824302134648,2.0,4.0,7.0,6.0,3.0,2,STAD,0,random_sampling,enet,rfreg
