precision,recall,f1-score,support-0,support-1,support-2,support-3,support-4,iterations,cancer,p,sampling,model,selection
0.2678531038406038,0.2750357142857143,0.25525470533930544,2.0000000000000013,4.000000000000003,7.000000000000019,6.000000000000005,3.0000000000000027,200,STAD,200,random_sampling,enet,rfreg
0.2740532529561942,0.2726309523809523,0.25634639288233046,2.0000000000000013,4.000000000000003,7.000000000000019,6.000000000000005,3.0000000000000027,200,STAD,100,random_sampling,enet,rfreg
0.25580320716864835,0.2580238095238095,0.24029395896015573,2.0000000000000013,4.000000000000003,7.000000000000019,6.000000000000005,3.0000000000000027,200,STAD,50,random_sampling,enet,rfreg
0.21619061187350655,0.23517857142857143,0.21110811480289196,2.0000000000000013,4.000000000000003,7.000000000000019,6.000000000000005,3.0000000000000027,200,STAD,26,random_sampling,enet,rfreg
0.16858312657414823,0.21152380952380942,0.1760704579469527,2.0000000000000013,4.000000000000003,7.000000000000019,6.000000000000005,3.0000000000000027,200,STAD,10,random_sampling,enet,rfreg
0.1680046221880974,0.2090833333333333,0.1745162522078372,2.0000000000000013,4.000000000000003,7.000000000000019,6.000000000000005,3.0000000000000027,200,STAD,6,random_sampling,enet,rfreg
0.22184168037844504,0.24439285714285705,0.2193513091902043,2.0000000000000013,4.000000000000003,7.000000000000019,6.000000000000005,3.0000000000000027,200,STAD,0,random_sampling,enet,rfreg
