precision,recall,f1-score,support-0,support-1,support-2,support-3,support-4,iterations,cancer,p,sampling,model,selection
0.13135352120646238,0.19,0.14580484918928857,1.9999999999999998,3.9999999999999996,7.000000000000001,6.000000000000001,3.0000000000000004,15,STAD,200,random_sampling,rfreg,linreg
0.1333505744341658,0.19634920634920633,0.1451750703402877,1.9999999999999998,3.9999999999999996,7.000000000000001,6.000000000000001,3.0000000000000004,15,STAD,100,random_sampling,rfreg,linreg
0.19301516801052407,0.21809523809523806,0.17894725349797816,1.9999999999999998,3.9999999999999996,7.000000000000001,6.000000000000001,3.0000000000000004,15,STAD,50,random_sampling,rfreg,linreg
0.18130257759669524,0.22,0.17951025565670872,1.9999999999999998,3.9999999999999996,7.000000000000001,6.000000000000001,3.0000000000000004,15,STAD,26,random_sampling,rfreg,linreg
0.18247932677344444,0.20365079365079367,0.17068777528091028,1.9999999999999998,3.9999999999999996,7.000000000000001,6.000000000000001,3.0000000000000004,15,STAD,10,random_sampling,rfreg,linreg
0.2273512239394592,0.24857142857142858,0.21814742033964,1.9999999999999998,3.9999999999999996,7.000000000000001,6.000000000000001,3.0000000000000004,15,STAD,6,random_sampling,rfreg,linreg
0.22714000378706264,0.24349206349206348,0.2132445950374339,1.9999999999999998,3.9999999999999996,7.000000000000001,6.000000000000001,3.0000000000000004,15,STAD,0,random_sampling,rfreg,linreg
