precision,recall,f1-score,support-0,support-1,support-2,support-3,support-4,iterations,cancer,p,sampling,model,selection
0.16080071112238295,0.21040476190476184,0.1690929162724425,2.0000000000000013,4.000000000000003,7.000000000000009,5.99999999999999,2.999999999999995,100,STAD,200,random_sampling,rfreg,linreg
0.1637128522492299,0.21709523809523812,0.17334412974481087,2.0000000000000013,4.000000000000003,7.000000000000009,5.99999999999999,2.999999999999995,100,STAD,100,random_sampling,rfreg,linreg
0.1971980716995423,0.23380952380952374,0.19740431644867099,2.0000000000000013,4.000000000000003,7.000000000000009,5.99999999999999,2.999999999999995,100,STAD,50,random_sampling,rfreg,linreg
0.190460074239486,0.2322380952380952,0.19421667545254426,2.0000000000000013,4.000000000000003,7.000000000000009,5.99999999999999,2.999999999999995,100,STAD,26,random_sampling,rfreg,linreg
0.18219934516807582,0.21766666666666662,0.18425486046461279,2.0000000000000013,4.000000000000003,7.000000000000009,5.99999999999999,2.999999999999995,100,STAD,10,random_sampling,rfreg,linreg
0.20611772100448575,0.22971428571428565,0.19897171815531353,2.0000000000000013,4.000000000000003,7.000000000000009,5.99999999999999,2.999999999999995,100,STAD,6,random_sampling,rfreg,linreg
0.1871467126011244,0.2255714285714285,0.19251796166547142,2.0000000000000013,4.000000000000003,7.000000000000009,5.99999999999999,2.999999999999995,100,STAD,0,random_sampling,rfreg,linreg
