precision,recall,f1-score,support-0,support-1,support-2,support-3,support-4,iterations,cancer,p,sampling,model,selection
0.1385834535834536,0.19317460317460314,0.15566813842046037,1.9999999999999998,3.9999999999999996,7.000000000000001,6.000000000000001,3.0000000000000004,15,STAD,200,random_sampling,rfreg,linreg
0.19044333770804356,0.22619047619047622,0.19197076777935573,1.9999999999999998,3.9999999999999996,7.000000000000001,6.000000000000001,3.0000000000000004,15,STAD,100,random_sampling,rfreg,linreg
0.19984444983980587,0.22873015873015878,0.19566367691027808,1.9999999999999998,3.9999999999999996,7.000000000000001,6.000000000000001,3.0000000000000004,15,STAD,50,random_sampling,rfreg,linreg
0.15228531599119835,0.1934920634920635,0.16150025145233113,1.9999999999999998,3.9999999999999996,7.000000000000001,6.000000000000001,3.0000000000000004,15,STAD,26,random_sampling,rfreg,linreg
0.20113854663854666,0.24079365079365078,0.2079528346050085,1.9999999999999998,3.9999999999999996,7.000000000000001,6.000000000000001,3.0000000000000004,15,STAD,10,random_sampling,rfreg,linreg
0.1907809967809968,0.23253968253968255,0.2006756981122306,1.9999999999999998,3.9999999999999996,7.000000000000001,6.000000000000001,3.0000000000000004,15,STAD,6,random_sampling,rfreg,linreg
0.1615029045029045,0.19936507936507936,0.16946996702414663,1.9999999999999998,3.9999999999999996,7.000000000000001,6.000000000000001,3.0000000000000004,15,STAD,0,random_sampling,rfreg,linreg
