precision,recall,f1-score,support-0,support-1,support-2,support-3,support-4,iterations,cancer,p,sampling,model,selection
0.17244300657203132,0.21473809523809517,0.17768930515529252,2.0000000000000013,4.000000000000003,7.000000000000009,5.99999999999999,2.999999999999995,100,STAD,200,random_sampling,rfreg,linreg
0.17175155243793017,0.2183095238095237,0.1788493819463317,2.0000000000000013,4.000000000000003,7.000000000000009,5.99999999999999,2.999999999999995,100,STAD,100,random_sampling,rfreg,linreg
0.17386138903236426,0.21564285714285708,0.17885089372376614,2.0000000000000013,4.000000000000003,7.000000000000009,5.99999999999999,2.999999999999995,100,STAD,50,random_sampling,rfreg,linreg
0.17471277333777335,0.2089523809523809,0.17652796961268485,2.0000000000000013,4.000000000000003,7.000000000000009,5.99999999999999,2.999999999999995,100,STAD,26,random_sampling,rfreg,linreg
0.17548301486095616,0.20976190476190476,0.1790702234544744,2.0000000000000013,4.000000000000003,7.000000000000009,5.99999999999999,2.999999999999995,100,STAD,10,random_sampling,rfreg,linreg
0.17921691893417901,0.21378571428571422,0.18155222909499533,2.0000000000000013,4.000000000000003,7.000000000000009,5.99999999999999,2.999999999999995,100,STAD,6,random_sampling,rfreg,linreg
0.1793550180211945,0.21683333333333332,0.18389084581994933,2.0000000000000013,4.000000000000003,7.000000000000009,5.99999999999999,2.999999999999995,100,STAD,0,random_sampling,rfreg,linreg
