precision,recall,f1-score,support-0,support-1,support-2,support-3,support-4,iterations,cancer,p,sampling,model,selection
0.15989194021492775,0.2082619047619046,0.1674405215700827,2.0000000000000013,4.000000000000003,7.000000000000019,6.000000000000005,3.0000000000000027,200,STAD,200,random_sampling,rfreg,linreg
0.16464441204220617,0.2101785714285713,0.1716170844768718,2.0000000000000013,4.000000000000003,7.000000000000019,6.000000000000005,3.0000000000000027,200,STAD,100,random_sampling,rfreg,linreg
0.16316465490563778,0.2087261904761905,0.1705934906733137,2.0000000000000013,4.000000000000003,7.000000000000019,6.000000000000005,3.0000000000000027,200,STAD,50,random_sampling,rfreg,linreg
0.1753775560567743,0.2146547619047618,0.18014817751735698,2.0000000000000013,4.000000000000003,7.000000000000019,6.000000000000005,3.0000000000000027,200,STAD,26,random_sampling,rfreg,linreg
0.17421738403924947,0.20834523809523797,0.17659228464941276,2.0000000000000013,4.000000000000003,7.000000000000019,6.000000000000005,3.0000000000000027,200,STAD,10,random_sampling,rfreg,linreg
0.17698293652941485,0.21247619047619032,0.17956379229862132,2.0000000000000013,4.000000000000003,7.000000000000019,6.000000000000005,3.0000000000000027,200,STAD,6,random_sampling,rfreg,linreg
0.17353410642934625,0.21230952380952373,0.17832798561319632,2.0000000000000013,4.000000000000003,7.000000000000019,6.000000000000005,3.0000000000000027,200,STAD,0,random_sampling,rfreg,linreg
