precision,recall,f1-score,support-0,support-1,support-2,support-3,support-4,iterations,cancer,p,sampling,model,selection
0.155981646549758,0.19920634920634925,0.15444632924396015,1.9999999999999998,3.9999999999999996,7.000000000000001,6.000000000000001,3.0000000000000004,15,STAD,200,random_sampling,rfreg,linreg
0.17309831791875133,0.21333333333333332,0.17027973066569557,1.9999999999999998,3.9999999999999996,7.000000000000001,6.000000000000001,3.0000000000000004,15,STAD,100,random_sampling,rfreg,linreg
0.1710803129332541,0.1933333333333333,0.15686789560944003,1.9999999999999998,3.9999999999999996,7.000000000000001,6.000000000000001,3.0000000000000004,15,STAD,50,random_sampling,rfreg,linreg
0.12077481359369906,0.17111111111111113,0.11988893990284812,1.9999999999999998,3.9999999999999996,7.000000000000001,6.000000000000001,3.0000000000000004,15,STAD,26,random_sampling,rfreg,linreg
0.09553894838105365,0.18698412698412697,0.10705062242993278,1.9999999999999998,3.9999999999999996,7.000000000000001,6.000000000000001,3.0000000000000004,15,STAD,10,random_sampling,rfreg,linreg
0.08061137692716638,0.19492063492063494,0.10120677959758423,1.9999999999999998,3.9999999999999996,7.000000000000001,6.000000000000001,3.0000000000000004,15,STAD,6,random_sampling,rfreg,linreg
0.1877171359771979,0.2114285714285714,0.17145002933332454,1.9999999999999998,3.9999999999999996,7.000000000000001,6.000000000000001,3.0000000000000004,15,STAD,0,random_sampling,rfreg,linreg
