precision,recall,f1-score,support-0,support-1,support-2,support-3,support-4,iterations,cancer,p,sampling,model,selection
0.16140605353968354,0.19488095238095235,0.16133685725859973,2.0000000000000013,4.000000000000003,7.000000000000019,6.000000000000005,3.0000000000000027,200,STAD,50,random_sampling,enet,pearson
0.1566833425561366,0.19930952380952374,0.15725027134611397,2.0000000000000013,4.000000000000003,7.000000000000019,6.000000000000005,3.0000000000000027,200,STAD,26,random_sampling,enet,pearson
0.15185016089002154,0.19761904761904744,0.15263568119766843,2.0000000000000013,4.000000000000003,7.000000000000019,6.000000000000005,3.0000000000000027,200,STAD,10,random_sampling,enet,pearson
0.13448488022125793,0.1963690476190475,0.14458627027832555,2.0000000000000013,4.000000000000003,7.000000000000019,6.000000000000005,3.0000000000000027,200,STAD,6,random_sampling,enet,pearson
0.15683471314976744,0.19325,0.16150181432882,2.0000000000000013,4.000000000000003,7.000000000000019,6.000000000000005,3.0000000000000027,200,STAD,0,random_sampling,enet,pearson
