precision,recall,f1-score,support-0,support-1,support-2,support-3,support-4,iterations,cancer,p,sampling,model,selection
0.24410844678197635,0.2604285714285715,0.23772305774010913,2.0000000000000013,4.000000000000003,7.000000000000019,6.000000000000005,3.0000000000000027,200,STAD,200,random_sampling,enet,pearson
0.29898617077367085,0.28996428571428584,0.27601680136393436,2.0000000000000013,4.000000000000003,7.000000000000019,6.000000000000005,3.0000000000000027,200,STAD,100,random_sampling,enet,pearson
0.3091051264911559,0.2982261904761905,0.28525893289343274,2.0000000000000013,4.000000000000003,7.000000000000019,6.000000000000005,3.0000000000000027,200,STAD,50,random_sampling,enet,pearson
0.27194539765789766,0.27059523809523794,0.25562789962875093,2.0000000000000013,4.000000000000003,7.000000000000019,6.000000000000005,3.0000000000000027,200,STAD,26,random_sampling,enet,pearson
0.24222925505866688,0.2486666666666666,0.22986755463244232,2.0000000000000013,4.000000000000003,7.000000000000019,6.000000000000005,3.0000000000000027,200,STAD,10,random_sampling,enet,pearson
0.2444640866486454,0.24934523809523804,0.2309696042101211,2.0000000000000013,4.000000000000003,7.000000000000019,6.000000000000005,3.0000000000000027,200,STAD,6,random_sampling,enet,pearson
0.22184168037844504,0.24439285714285705,0.2193513091902043,2.0000000000000013,4.000000000000003,7.000000000000019,6.000000000000005,3.0000000000000027,200,STAD,0,random_sampling,enet,pearson
