precision,recall,f1-score,support-0,support-1,support-2,support-3,support-4,iterations,cancer,p,sampling,model,selection
0.09356391190508823,0.1999880952380954,0.11591256126848307,2.0000000000000013,4.000000000000003,7.000000000000019,6.000000000000005,3.0000000000000027,200,STAD,200,random_sampling,enet,pearson
0.09356391190508823,0.1999880952380954,0.11591256126848307,2.0000000000000013,4.000000000000003,7.000000000000019,6.000000000000005,3.0000000000000027,200,STAD,100,random_sampling,enet,pearson
0.09356391190508823,0.1999880952380954,0.11591256126848307,2.0000000000000013,4.000000000000003,7.000000000000019,6.000000000000005,3.0000000000000027,200,STAD,50,random_sampling,enet,pearson
0.08669751827979366,0.18983333333333344,0.10965578586023692,2.0000000000000013,4.000000000000003,7.000000000000019,6.000000000000005,3.0000000000000027,200,STAD,26,random_sampling,enet,pearson
0.09890747613669436,0.17777380952380947,0.11541012137473389,2.0000000000000013,4.000000000000003,7.000000000000019,6.000000000000005,3.0000000000000027,200,STAD,10,random_sampling,enet,pearson
0.10690694729247363,0.18052380952380948,0.11642530252586379,2.0000000000000013,4.000000000000003,7.000000000000019,6.000000000000005,3.0000000000000027,200,STAD,6,random_sampling,enet,pearson
0.09356391190508823,0.1999880952380954,0.11591256126848307,2.0000000000000013,4.000000000000003,7.000000000000019,6.000000000000005,3.0000000000000027,200,STAD,0,random_sampling,enet,pearson
