precision,recall,f1-score,support-0,support-1,support-2,support-3,support-4,iterations,cancer,p,sampling,model,selection
0.13048225915381484,0.2004999999999998,0.1393805059344015,2.0000000000000013,4.000000000000003,7.000000000000019,6.000000000000005,3.0000000000000027,200,STAD,26,random_sampling,elasticnet,linreg
0.12699291450293773,0.19939285714285718,0.13560093632779632,2.0000000000000013,4.000000000000003,7.000000000000019,6.000000000000005,3.0000000000000027,200,STAD,10,random_sampling,elasticnet,linreg
0.12165501103213944,0.19705952380952374,0.1356171488970222,2.0000000000000013,4.000000000000003,7.000000000000019,6.000000000000005,3.0000000000000027,200,STAD,6,random_sampling,elasticnet,linreg
0.12801931276927406,0.20026190476190464,0.13930630102249497,2.0000000000000013,4.000000000000003,7.000000000000019,6.000000000000005,3.0000000000000027,200,STAD,0,random_sampling,elasticnet,linreg
