precision,recall,f1-score,support-0,support-1,support-2,support-3,support-4,iterations,cancer,p,sampling,model,selection
0.12333333333333332,0.18571428571428572,0.14808823529411763,2.0,4.0,7.0,6.0,3.0,2,STAD,200,random_sampling,elasticnet,chi2
0.06967032967032967,0.10714285714285714,0.08391402714932127,2.0,4.0,7.0,6.0,3.0,2,STAD,100,random_sampling,elasticnet,chi2
0.08813186813186813,0.1333333333333333,0.10356643356643357,2.0,4.0,7.0,6.0,3.0,2,STAD,50,random_sampling,elasticnet,chi2
0.11119047619047617,0.20714285714285713,0.14011096116359273,2.0,4.0,7.0,6.0,3.0,2,STAD,26,random_sampling,elasticnet,chi2
0.17017543859649123,0.21666666666666667,0.13241758241758242,2.0,4.0,7.0,6.0,3.0,2,STAD,10,random_sampling,elasticnet,chi2
0.06,0.15714285714285714,0.08663446054750402,2.0,4.0,7.0,6.0,3.0,2,STAD,6,random_sampling,elasticnet,chi2
0.2937806637806638,0.23809523809523808,0.24430618401206633,2.0,4.0,7.0,6.0,3.0,2,STAD,0,random_sampling,elasticnet,chi2
