precision,recall,f1-score,support-0,support-1,support-2,support-3,support-4,iterations,cancer,p,sampling,model,selection
0.32021240009990015,0.29801190476190464,0.291138552099775,2.0000000000000013,4.000000000000003,7.000000000000019,6.000000000000005,3.0000000000000027,200,STAD,200,random_sampling,elasticnet,linreg
0.3070535076035075,0.28891666666666665,0.28153397747763076,2.0000000000000013,4.000000000000003,7.000000000000019,6.000000000000005,3.0000000000000027,200,STAD,100,random_sampling,elasticnet,linreg
0.28220189532689544,0.2709404761904763,0.26130097973062383,2.0000000000000013,4.000000000000003,7.000000000000019,6.000000000000005,3.0000000000000027,200,STAD,50,random_sampling,elasticnet,linreg
0.22450124736374744,0.2304761904761906,0.21416225841581868,2.0000000000000013,4.000000000000003,7.000000000000019,6.000000000000005,3.0000000000000027,200,STAD,26,random_sampling,elasticnet,linreg
0.18028935794597553,0.202345238095238,0.17698579456924526,2.0000000000000013,4.000000000000003,7.000000000000019,6.000000000000005,3.0000000000000027,200,STAD,10,random_sampling,elasticnet,linreg
0.1703487248991119,0.20214285714285707,0.17077514860522722,2.0000000000000013,4.000000000000003,7.000000000000019,6.000000000000005,3.0000000000000027,200,STAD,6,random_sampling,elasticnet,linreg
0.20600409092541438,0.23157142857142862,0.20447100104080723,2.0000000000000013,4.000000000000003,7.000000000000019,6.000000000000005,3.0000000000000027,200,STAD,0,random_sampling,elasticnet,linreg
