precision,recall,f1-score,support-0,support-1,support-2,support-3,support-4,iterations,cancer,p,sampling,model,selection
0.09065015601443606,0.1995714285714287,0.11412363207007863,2.0000000000000013,4.000000000000003,7.000000000000019,6.000000000000005,3.0000000000000027,200,STAD,200,random_sampling,elasticnet,linreg
0.09065015601443606,0.1995714285714287,0.11412363207007863,2.0000000000000013,4.000000000000003,7.000000000000019,6.000000000000005,3.0000000000000027,200,STAD,100,random_sampling,elasticnet,linreg
0.08866279556786508,0.1992857142857144,0.1129212335607086,2.0000000000000013,4.000000000000003,7.000000000000019,6.000000000000005,3.0000000000000027,200,STAD,50,random_sampling,elasticnet,linreg
0.08853786886917674,0.19428571428571434,0.10868673705988643,2.0000000000000013,4.000000000000003,7.000000000000019,6.000000000000005,3.0000000000000027,200,STAD,26,random_sampling,elasticnet,linreg
0.09620700559330574,0.19428571428571437,0.10800418021148141,2.0000000000000013,4.000000000000003,7.000000000000019,6.000000000000005,3.0000000000000027,200,STAD,10,random_sampling,elasticnet,linreg
0.07693654568685504,0.1970357142857144,0.10168443513064174,2.0000000000000013,4.000000000000003,7.000000000000019,6.000000000000005,3.0000000000000027,200,STAD,6,random_sampling,elasticnet,linreg
0.09065015601443606,0.1995714285714287,0.11412363207007863,2.0000000000000013,4.000000000000003,7.000000000000019,6.000000000000005,3.0000000000000027,200,STAD,0,random_sampling,elasticnet,linreg
