precision,recall,f1-score,support-0,support-1,support-2,support-3,support-4,iterations,cancer,p,sampling,model,selection
0.20164835164835165,0.19999999999999998,0.18699472096530917,2.0,4.0,7.0,6.0,3.0,2,STAD,200,random_sampling,elasticnet,chi2
0.21553030303030302,0.19404761904761902,0.1923015873015873,2.0,4.0,7.0,6.0,3.0,2,STAD,100,random_sampling,elasticnet,chi2
0.200487012987013,0.21428571428571427,0.19047619047619047,2.0,4.0,7.0,6.0,3.0,2,STAD,50,random_sampling,elasticnet,chi2
0.19499999999999998,0.24047619047619048,0.1882154882154882,2.0,4.0,7.0,6.0,3.0,2,STAD,26,random_sampling,elasticnet,chi2
0.22333333333333333,0.2571428571428571,0.21666666666666667,2.0,4.0,7.0,6.0,3.0,2,STAD,10,random_sampling,elasticnet,chi2
0.19374999999999998,0.25476190476190474,0.2007685551163812,2.0,4.0,7.0,6.0,3.0,2,STAD,6,random_sampling,elasticnet,chi2
0.1460858585858586,0.2095238095238095,0.16328502415458934,2.0,4.0,7.0,6.0,3.0,2,STAD,0,random_sampling,elasticnet,chi2
