precision,recall,f1-score,support-0,support-1,support-2,support-3,support-4,iterations,cancer,p,sampling,model,selection
0.32225895215895234,0.29926190476190473,0.2939317279297929,2.0000000000000013,4.000000000000003,7.000000000000019,6.000000000000005,3.0000000000000027,200,STAD,200,random_sampling,elasticnet,linreg
0.30105952935952945,0.2869642857142858,0.278544392259899,2.0000000000000013,4.000000000000003,7.000000000000019,6.000000000000005,3.0000000000000027,200,STAD,100,random_sampling,elasticnet,linreg
0.26821214341214344,0.2631428571428573,0.25108169014097137,2.0000000000000013,4.000000000000003,7.000000000000019,6.000000000000005,3.0000000000000027,200,STAD,50,random_sampling,elasticnet,linreg
0.21309181622471096,0.22298809523809526,0.2056182206410272,2.0000000000000013,4.000000000000003,7.000000000000019,6.000000000000005,3.0000000000000027,200,STAD,26,random_sampling,elasticnet,linreg
0.17188643537834725,0.1957142857142857,0.1694660745505523,2.0000000000000013,4.000000000000003,7.000000000000019,6.000000000000005,3.0000000000000027,200,STAD,10,random_sampling,elasticnet,linreg
0.1609707784991067,0.19510714285714287,0.16134943237344357,2.0000000000000013,4.000000000000003,7.000000000000019,6.000000000000005,3.0000000000000027,200,STAD,6,random_sampling,elasticnet,linreg
0.2147346275456569,0.23951190476190476,0.2131829566112982,2.0000000000000013,4.000000000000003,7.000000000000019,6.000000000000005,3.0000000000000027,200,STAD,0,random_sampling,elasticnet,linreg
