precision,recall,f1-score,support-0,support-1,support-2,support-3,support-4,iterations,cancer,p,sampling,model,selection
0.1429936501020479,0.20891666666666678,0.13998370236063135,2.0000000000000013,4.000000000000003,7.000000000000019,6.000000000000005,3.0000000000000027,200,STAD,26,random_sampling,elasticnet,linreg
0.14458503334470815,0.21038095238095234,0.14038243810508821,2.0000000000000013,4.000000000000003,7.000000000000019,6.000000000000005,3.0000000000000027,200,STAD,10,random_sampling,elasticnet,linreg
0.14112241395085817,0.20938095238095236,0.1384252430239536,2.0000000000000013,4.000000000000003,7.000000000000019,6.000000000000005,3.0000000000000027,200,STAD,6,random_sampling,elasticnet,linreg
0.1516257019339448,0.21194047619047626,0.1446177338585908,2.0000000000000013,4.000000000000003,7.000000000000019,6.000000000000005,3.0000000000000027,200,STAD,0,random_sampling,elasticnet,linreg
