precision,recall,f1-score,support-0,support-1,support-2,support-3,support-4,iterations,cancer,p,sampling,model,selection
0.14654761904761907,0.18928571428571428,0.1584187742082479,2.0,4.0,7.0,6.0,3.0,2,STAD,50,random_sampling,rfreg,linreg
0.3285714285714286,0.2904761904761905,0.27142857142857146,2.0,4.0,7.0,6.0,3.0,2,STAD,26,random_sampling,rfreg,linreg
0.10694444444444444,0.16666666666666666,0.12987468671679198,2.0,4.0,7.0,6.0,3.0,2,STAD,10,random_sampling,rfreg,linreg
0.3073015873015873,0.27976190476190477,0.26575910931174085,2.0,4.0,7.0,6.0,3.0,2,STAD,6,random_sampling,rfreg,linreg
0.2093795093795094,0.23095238095238094,0.20253968253968255,2.0,4.0,7.0,6.0,3.0,2,STAD,0,random_sampling,rfreg,linreg
