precision,recall,f1-score,support-0,support-1,support-2,support-3,support-4,iterations,cancer,p,sampling,model,selection
0.3016621177025589,0.30088095238095236,0.280525576536504,2.0000000000000013,4.000000000000003,7.000000000000019,6.000000000000005,3.0000000000000027,200,STAD,200,random_sampling,rfreg,pearson
0.3204628541393247,0.313297619047619,0.2957996746493212,2.0000000000000013,4.000000000000003,7.000000000000019,6.000000000000005,3.0000000000000027,200,STAD,100,random_sampling,rfreg,pearson
0.34228156810509736,0.32546428571428576,0.3122661452938114,2.0000000000000013,4.000000000000003,7.000000000000019,6.000000000000005,3.0000000000000027,200,STAD,50,random_sampling,rfreg,pearson
0.3539026008305421,0.3370000000000003,0.32370919918104063,2.0000000000000013,4.000000000000003,7.000000000000019,6.000000000000005,3.0000000000000027,200,STAD,26,random_sampling,rfreg,pearson
0.35807493339993324,0.3365119047619047,0.3245800625889567,2.0000000000000013,4.000000000000003,7.000000000000019,6.000000000000005,3.0000000000000027,200,STAD,10,random_sampling,rfreg,pearson
0.36366008860420634,0.3452023809523808,0.33305607316585245,2.0000000000000013,4.000000000000003,7.000000000000019,6.000000000000005,3.0000000000000027,200,STAD,6,random_sampling,rfreg,pearson
0.21051665027439012,0.2382619047619045,0.20773621841776757,2.0000000000000013,4.000000000000003,7.000000000000019,6.000000000000005,3.0000000000000027,200,STAD,0,random_sampling,rfreg,pearson
