precision,recall,f1-score,support-0,support-1,support-2,support-3,support-4,iterations,cancer,p,sampling,model,selection
0.31136263466925235,0.30376190476190473,0.28632877484617375,2.0000000000000013,4.000000000000003,7.000000000000019,6.000000000000005,3.0000000000000027,200,STAD,200,random_sampling,rfreg,pearson
0.3262955941117707,0.31439285714285736,0.2988444984903972,2.0000000000000013,4.000000000000003,7.000000000000019,6.000000000000005,3.0000000000000027,200,STAD,100,random_sampling,rfreg,pearson
0.3315402986719162,0.3220952380952381,0.3071664348334695,2.0000000000000013,4.000000000000003,7.000000000000019,6.000000000000005,3.0000000000000027,200,STAD,50,random_sampling,rfreg,pearson
0.3425271097366686,0.32645238095238116,0.31369420251380803,2.0000000000000013,4.000000000000003,7.000000000000019,6.000000000000005,3.0000000000000027,200,STAD,26,random_sampling,rfreg,pearson
0.358577789462,0.3377857142857143,0.32646866855605927,2.0000000000000013,4.000000000000003,7.000000000000019,6.000000000000005,3.0000000000000027,200,STAD,10,random_sampling,rfreg,pearson
0.32686855334208287,0.3219404761904762,0.30555240664683736,2.0000000000000013,4.000000000000003,7.000000000000019,6.000000000000005,3.0000000000000027,200,STAD,6,random_sampling,rfreg,pearson
0.1809012254558307,0.21650000000000003,0.1825301619392855,2.0000000000000013,4.000000000000003,7.000000000000019,6.000000000000005,3.0000000000000027,200,STAD,0,random_sampling,rfreg,pearson
