precision,recall,f1-score,support-0,support-1,support-2,support-3,support-4,iterations,cancer,p,sampling,model,selection
0.1571054039184069,0.20170238095238083,0.15337193838596763,2.0000000000000013,4.000000000000003,7.000000000000019,6.000000000000005,3.0000000000000027,200,STAD,200,random_sampling,rfreg,pearson
0.16638078031359765,0.21095238095238103,0.16234438324928796,2.0000000000000013,4.000000000000003,7.000000000000019,6.000000000000005,3.0000000000000027,200,STAD,100,random_sampling,rfreg,pearson
0.16260577005124205,0.20507142857142846,0.16112684775652203,2.0000000000000013,4.000000000000003,7.000000000000019,6.000000000000005,3.0000000000000027,200,STAD,50,random_sampling,rfreg,pearson
0.12304001374442557,0.18055952380952375,0.12950721693387765,2.0000000000000013,4.000000000000003,7.000000000000019,6.000000000000005,3.0000000000000027,200,STAD,26,random_sampling,rfreg,pearson
0.1132758255031862,0.1729404761904762,0.12406460675128299,2.0000000000000013,4.000000000000003,7.000000000000019,6.000000000000005,3.0000000000000027,200,STAD,10,random_sampling,rfreg,pearson
0.11348858185588065,0.18017857142857135,0.12650191959472717,2.0000000000000013,4.000000000000003,7.000000000000019,6.000000000000005,3.0000000000000027,200,STAD,6,random_sampling,rfreg,pearson
0.1617319811294657,0.20840476190476195,0.15817042639245385,2.0000000000000013,4.000000000000003,7.000000000000019,6.000000000000005,3.0000000000000027,200,STAD,0,random_sampling,rfreg,pearson
