precision,recall,f1-score,support-0,support-1,support-2,support-3,support-4,iterations,cancer,p,sampling,model,selection
0.20516594516594513,0.28095238095238095,0.22926623213387914,2.0,4.0,7.0,6.0,3.0,4,STAD,50,random_sampling,rfreg,linreg
0.20670938710412395,0.2494047619047619,0.21125735375735372,2.0,4.0,7.0,6.0,3.0,4,STAD,26,random_sampling,rfreg,linreg
0.17178571428571426,0.22499999999999998,0.17265496443128023,2.0,4.0,7.0,6.0,3.0,4,STAD,10,random_sampling,rfreg,linreg
0.15060331825037707,0.2136904761904762,0.16277009222661398,2.0,4.0,7.0,6.0,3.0,4,STAD,6,random_sampling,rfreg,linreg
0.22035714285714283,0.30119047619047623,0.2450124436966542,2.0,4.0,7.0,6.0,3.0,4,STAD,0,random_sampling,rfreg,linreg
