precision,recall,f1-score,support-0,support-1,support-2,support-3,support-4,iterations,cancer,p,sampling,model,selection
0.23298319327731093,0.29285714285714287,0.24728969860548805,2.0,4.0,7.0,6.0,3.0,2,STAD,200,random_sampling,enet,lasso
0.0668421052631579,0.18571428571428572,0.09829059829059827,2.0,4.0,7.0,6.0,3.0,2,STAD,100,random_sampling,enet,lasso
0.15023809523809523,0.20714285714285713,0.1528452541610436,2.0,4.0,7.0,6.0,3.0,2,STAD,50,random_sampling,enet,lasso
0.10306818181818182,0.20476190476190476,0.1281177593021671,2.0,4.0,7.0,6.0,3.0,2,STAD,26,random_sampling,enet,lasso
0.06363636363636363,0.2,0.09655172413793103,2.0,4.0,7.0,6.0,3.0,2,STAD,10,random_sampling,enet,lasso
0.06363636363636363,0.2,0.09655172413793103,2.0,4.0,7.0,6.0,3.0,2,STAD,6,random_sampling,enet,lasso
0.19378066378066378,0.1880952380952381,0.17763951734539968,2.0,4.0,7.0,6.0,3.0,2,STAD,0,random_sampling,enet,lasso
