precision,recall,f1-score,support-0,support-1,support-2,support-3,support-4,iterations,cancer,p,sampling,model,selection
0.12634897757471278,0.1943928571428571,0.14351452617976246,2.0000000000000013,4.000000000000003,7.000000000000019,6.000000000000005,3.0000000000000027,200,STAD,200,random_sampling,enet,lasso
0.18813054313677383,0.22441666666666665,0.18609967731756488,2.0000000000000013,4.000000000000003,7.000000000000019,6.000000000000005,3.0000000000000027,200,STAD,100,random_sampling,enet,lasso
0.1764897195855401,0.2307619047619047,0.186174045230213,2.0000000000000013,4.000000000000003,7.000000000000019,6.000000000000005,3.0000000000000027,200,STAD,50,random_sampling,enet,lasso
0.16452587663024973,0.22499999999999995,0.16739872379432996,2.0000000000000013,4.000000000000003,7.000000000000019,6.000000000000005,3.0000000000000027,200,STAD,26,random_sampling,enet,lasso
0.09152416435903267,0.186202380952381,0.11008629929758307,2.0000000000000013,4.000000000000003,7.000000000000019,6.000000000000005,3.0000000000000027,200,STAD,10,random_sampling,enet,lasso
0.06370907951697391,0.19957142857142873,0.09657976506252332,2.0000000000000013,4.000000000000003,7.000000000000019,6.000000000000005,3.0000000000000027,200,STAD,6,random_sampling,enet,lasso
0.22184168037844504,0.24439285714285705,0.2193513091902043,2.0000000000000013,4.000000000000003,7.000000000000019,6.000000000000005,3.0000000000000027,200,STAD,0,random_sampling,enet,lasso
