precision,recall,f1-score,support-0,support-1,support-2,support-3,support-4,iterations,cancer,p,sampling,model,selection
0.31805305389055394,0.29719047619047617,0.28990137706290964,2.0000000000000013,4.000000000000003,7.000000000000019,6.000000000000005,3.0000000000000027,200,STAD,200,random_sampling,enet,linreg
0.31047299922299915,0.29147619047619044,0.28444770421357124,2.0000000000000013,4.000000000000003,7.000000000000019,6.000000000000005,3.0000000000000027,200,STAD,100,random_sampling,enet,linreg
0.2835950882450882,0.26983333333333337,0.2612954076453302,2.0000000000000013,4.000000000000003,7.000000000000019,6.000000000000005,3.0000000000000027,200,STAD,50,random_sampling,enet,linreg
0.22803572677322692,0.2322142857142859,0.21655944829164642,2.0000000000000013,4.000000000000003,7.000000000000019,6.000000000000005,3.0000000000000027,200,STAD,26,random_sampling,enet,linreg
0.17808005336167093,0.20167857142857137,0.17590671258386698,2.0000000000000013,4.000000000000003,7.000000000000019,6.000000000000005,3.0000000000000027,200,STAD,10,random_sampling,enet,linreg
0.17068646186974362,0.2014999999999999,0.1703223144606398,2.0000000000000013,4.000000000000003,7.000000000000019,6.000000000000005,3.0000000000000027,200,STAD,6,random_sampling,enet,linreg
0.20600409092541438,0.23157142857142862,0.20447100104080723,2.0000000000000013,4.000000000000003,7.000000000000019,6.000000000000005,3.0000000000000027,200,STAD,0,random_sampling,enet,linreg
