precision,recall,f1-score,support-0,support-1,support-2,support-3,support-4,iterations,cancer,p,sampling,model,selection
0.32021457153957156,0.29959523809523797,0.29361524364531827,2.0000000000000013,4.000000000000003,7.000000000000019,6.000000000000005,3.0000000000000027,200,STAD,200,random_sampling,enet,linreg
0.3051483127983128,0.2901190476190476,0.28170816729635206,2.0000000000000013,4.000000000000003,7.000000000000019,6.000000000000005,3.0000000000000027,200,STAD,100,random_sampling,enet,linreg
0.2697652070152071,0.2651428571428573,0.25286289778781373,2.0000000000000013,4.000000000000003,7.000000000000019,6.000000000000005,3.0000000000000027,200,STAD,50,random_sampling,enet,linreg
0.21466000914290384,0.2237857142857143,0.2066996457089074,2.0000000000000013,4.000000000000003,7.000000000000019,6.000000000000005,3.0000000000000027,200,STAD,26,random_sampling,enet,linreg
0.16858335512526698,0.19436904761904764,0.16728800304689254,2.0000000000000013,4.000000000000003,7.000000000000019,6.000000000000005,3.0000000000000027,200,STAD,10,random_sampling,enet,linreg
0.16450823271156095,0.19703571428571431,0.1636191822523468,2.0000000000000013,4.000000000000003,7.000000000000019,6.000000000000005,3.0000000000000027,200,STAD,6,random_sampling,enet,linreg
0.2147346275456569,0.23951190476190476,0.2131829566112982,2.0000000000000013,4.000000000000003,7.000000000000019,6.000000000000005,3.0000000000000027,200,STAD,0,random_sampling,enet,linreg
