precision,recall,f1-score,support-0,support-1,support-2,support-3,support-4,iterations,cancer,p,sampling,model,selection
0.09065015601443606,0.1995714285714287,0.11412363207007863,2.0000000000000013,4.000000000000003,7.000000000000019,6.000000000000005,3.0000000000000027,200,STAD,200,random_sampling,enet,linreg
0.09065015601443606,0.1995714285714287,0.11412363207007863,2.0000000000000013,4.000000000000003,7.000000000000019,6.000000000000005,3.0000000000000027,200,STAD,100,random_sampling,enet,linreg
0.08834212062876907,0.19917857142857157,0.11252962913703521,2.0000000000000013,4.000000000000003,7.000000000000019,6.000000000000005,3.0000000000000027,200,STAD,50,random_sampling,enet,linreg
0.08752423250554035,0.19426190476190483,0.10840357705258849,2.0000000000000013,4.000000000000003,7.000000000000019,6.000000000000005,3.0000000000000027,200,STAD,26,random_sampling,enet,linreg
0.09579449704921823,0.1945476190476191,0.1079065106396739,2.0000000000000013,4.000000000000003,7.000000000000019,6.000000000000005,3.0000000000000027,200,STAD,10,random_sampling,enet,linreg
0.07693654568685504,0.1970357142857144,0.10168443513064174,2.0000000000000013,4.000000000000003,7.000000000000019,6.000000000000005,3.0000000000000027,200,STAD,6,random_sampling,enet,linreg
0.09065015601443606,0.1995714285714287,0.11412363207007863,2.0000000000000013,4.000000000000003,7.000000000000019,6.000000000000005,3.0000000000000027,200,STAD,0,random_sampling,enet,linreg
