precision,recall,f1-score,support-0,support-1,support-2,support-3,support-4,iterations,cancer,p,sampling,model,selection
0.37393162393162394,0.4011904761904762,0.35904761904761906,2.0,4.0,7.0,6.0,3.0,2,STAD,50,random_sampling,enet,linreg
0.1714063714063714,0.2345238095238095,0.19301587301587297,2.0,4.0,7.0,6.0,3.0,2,STAD,26,random_sampling,enet,linreg
0.16659125188536955,0.2464285714285714,0.19023809523809526,2.0,4.0,7.0,6.0,3.0,2,STAD,10,random_sampling,enet,linreg
0.19211229946524067,0.2273809523809524,0.15827586206896554,2.0,4.0,7.0,6.0,3.0,2,STAD,6,random_sampling,enet,linreg
0.189010989010989,0.26309523809523805,0.21238095238095234,2.0,4.0,7.0,6.0,3.0,2,STAD,0,random_sampling,enet,linreg
