precision,recall,f1-score,support-0,support-1,support-2,support-3,support-4,iterations,cancer,p,sampling,model,selection
0.16076573853563014,0.21134523809523806,0.16781638944096341,2.0000000000000013,4.000000000000003,7.000000000000019,6.000000000000005,3.0000000000000027,200,STAD,200,random_sampling,enet,elasticnet
0.12829921311488657,0.1882380952380953,0.133223625763509,2.0000000000000013,4.000000000000003,7.000000000000019,6.000000000000005,3.0000000000000027,200,STAD,100,random_sampling,enet,elasticnet
0.1572872168809862,0.21504761904761885,0.1669507156578237,2.0000000000000013,4.000000000000003,7.000000000000019,6.000000000000005,3.0000000000000027,200,STAD,50,random_sampling,enet,elasticnet
0.10093504581933373,0.1828571428571428,0.11878825606605035,2.0000000000000013,4.000000000000003,7.000000000000019,6.000000000000005,3.0000000000000027,200,STAD,26,random_sampling,enet,elasticnet
0.0639867928511114,0.19930952380952396,0.09679210967942564,2.0000000000000013,4.000000000000003,7.000000000000019,6.000000000000005,3.0000000000000027,200,STAD,10,random_sampling,enet,elasticnet
0.06594151527437105,0.19830952380952394,0.09788792730563314,2.0000000000000013,4.000000000000003,7.000000000000019,6.000000000000005,3.0000000000000027,200,STAD,6,random_sampling,enet,elasticnet
0.22112976386358743,0.24123809523809522,0.21725416629271926,2.0000000000000013,4.000000000000003,7.000000000000019,6.000000000000005,3.0000000000000027,200,STAD,0,random_sampling,enet,elasticnet
