precision,recall,f1-score,support-0,support-1,support-2,support-3,support-4,iterations,cancer,p,sampling,model,selection
0.21732561828006866,0.24563095238095228,0.20511544840436477,2.0000000000000013,4.000000000000003,7.000000000000019,6.000000000000005,3.0000000000000027,200,STAD,50,random_sampling,enet,elasticnet
0.2474771860406533,0.2685714285714285,0.22999682726386045,2.0000000000000013,4.000000000000003,7.000000000000019,6.000000000000005,3.0000000000000027,200,STAD,26,random_sampling,enet,elasticnet
0.30503007883499356,0.322142857142857,0.2724051019020316,2.0000000000000013,4.000000000000003,7.000000000000019,6.000000000000005,3.0000000000000027,200,STAD,10,random_sampling,enet,elasticnet
0.30757486856968247,0.32304761904761903,0.262906426602418,2.0000000000000013,4.000000000000003,7.000000000000019,6.000000000000005,3.0000000000000027,200,STAD,6,random_sampling,enet,elasticnet
0.2702436455357507,0.27797619047619043,0.24453835768510018,2.0000000000000013,4.000000000000003,7.000000000000019,6.000000000000005,3.0000000000000027,200,STAD,0,random_sampling,enet,elasticnet
