precision,recall,f1-score,support-0,support-1,support-2,support-3,support-4,iterations,cancer,p,sampling,model,selection
0.18074413176692572,0.24269047619047646,0.18146958958915488,2.0000000000000013,4.000000000000003,7.000000000000019,6.000000000000005,3.0000000000000027,200,STAD,50,random_sampling,enet,elasticnet
0.28835984862230984,0.32901190476190467,0.27806866051588497,2.0000000000000013,4.000000000000003,7.000000000000019,6.000000000000005,3.0000000000000027,200,STAD,26,random_sampling,enet,elasticnet
0.27007210131200016,0.35694047619047636,0.2766133023709041,2.0000000000000013,4.000000000000003,7.000000000000019,6.000000000000005,3.0000000000000027,200,STAD,10,random_sampling,enet,elasticnet
0.26222139210548606,0.34423809523809523,0.26647718333141146,2.0000000000000013,4.000000000000003,7.000000000000019,6.000000000000005,3.0000000000000027,200,STAD,6,random_sampling,enet,elasticnet
0.1662942447000882,0.2187738095238097,0.16198444625295894,2.0000000000000013,4.000000000000003,7.000000000000019,6.000000000000005,3.0000000000000027,200,STAD,0,random_sampling,enet,elasticnet
