precision,recall,f1-score,support-0,support-1,support-2,support-3,support-4,iterations,cancer,p,sampling,model,selection
0.12065014834666538,0.1949523809523811,0.13339688124886562,2.0000000000000013,4.000000000000003,7.000000000000019,6.000000000000005,3.0000000000000027,200,STAD,26,random_sampling,enet,elasticnet
0.1424677243851779,0.19551190476190483,0.15120692868809169,2.0000000000000013,4.000000000000003,7.000000000000019,6.000000000000005,3.0000000000000027,200,STAD,10,random_sampling,enet,elasticnet
0.14284529862552295,0.18948809523809518,0.1454249143377158,2.0000000000000013,4.000000000000003,7.000000000000019,6.000000000000005,3.0000000000000027,200,STAD,6,random_sampling,enet,elasticnet
0.08992293043214089,0.19373809523809543,0.1082870710217901,2.0000000000000013,4.000000000000003,7.000000000000019,6.000000000000005,3.0000000000000027,200,STAD,0,random_sampling,enet,elasticnet
