precision,recall,f1-score,support-0,support-1,support-2,support-3,support-4,iterations,cancer,p,sampling,model,selection
0.30340525446775446,0.29105952380952377,0.2821480740472193,2.0000000000000013,4.000000000000003,7.000000000000019,6.000000000000005,3.0000000000000027,200,STAD,200,random_sampling,enet,elasticnet
0.2828624056499058,0.27569047619047615,0.26397238793684136,2.0000000000000013,4.000000000000003,7.000000000000019,6.000000000000005,3.0000000000000027,200,STAD,100,random_sampling,enet,elasticnet
0.26884462547256643,0.26609523809523805,0.252467418451189,2.0000000000000013,4.000000000000003,7.000000000000019,6.000000000000005,3.0000000000000027,200,STAD,50,random_sampling,enet,elasticnet
0.25128805361305345,0.25164285714285717,0.23652019531820992,2.0000000000000013,4.000000000000003,7.000000000000019,6.000000000000005,3.0000000000000027,200,STAD,26,random_sampling,enet,elasticnet
0.17180874019771084,0.19440476190476186,0.16983159991046182,2.0000000000000013,4.000000000000003,7.000000000000019,6.000000000000005,3.0000000000000027,200,STAD,10,random_sampling,enet,elasticnet
0.17261554555265865,0.2031666666666666,0.1725438337983539,2.0000000000000013,4.000000000000003,7.000000000000019,6.000000000000005,3.0000000000000027,200,STAD,6,random_sampling,enet,elasticnet
0.22184168037844504,0.24439285714285705,0.2193513091902043,2.0000000000000013,4.000000000000003,7.000000000000019,6.000000000000005,3.0000000000000027,200,STAD,0,random_sampling,enet,elasticnet
