precision,recall,f1-score,support-0,support-1,support-2,support-3,support-4,iterations,cancer,p,sampling,model,selection
0.3604761904761905,0.3464285714285714,0.34023647920706745,2.0,4.0,7.0,6.0,3.0,2,STAD,200,random_sampling,elasticnet,linreg
0.39762987012987006,0.3214285714285714,0.3335067873303167,2.0,4.0,7.0,6.0,3.0,2,STAD,100,random_sampling,elasticnet,linreg
0.2756349206349206,0.275,0.2631146304675716,2.0,4.0,7.0,6.0,3.0,2,STAD,50,random_sampling,elasticnet,linreg
0.08798701298701297,0.1476190476190476,0.10952380952380952,2.0,4.0,7.0,6.0,3.0,2,STAD,26,random_sampling,elasticnet,linreg
0.20746753246753247,0.17142857142857143,0.1610568842921784,2.0,4.0,7.0,6.0,3.0,2,STAD,10,random_sampling,elasticnet,linreg
0.23205960705960704,0.2,0.18697191697191698,2.0,4.0,7.0,6.0,3.0,2,STAD,6,random_sampling,elasticnet,linreg
0.2937806637806638,0.23809523809523808,0.24430618401206633,2.0,4.0,7.0,6.0,3.0,2,STAD,0,random_sampling,elasticnet,linreg
