precision,recall,f1-score,support-0,support-1,support-2,support-3,support-4,iterations,cancer,p,sampling,model,selection
0.06363636363636363,0.2,0.09655172413793103,2.0,4.0,7.0,6.0,3.0,2,STAD,200,random_sampling,elasticnet,chi2
0.06363636363636363,0.2,0.09655172413793103,2.0,4.0,7.0,6.0,3.0,2,STAD,100,random_sampling,elasticnet,chi2
0.06363636363636363,0.2,0.09655172413793103,2.0,4.0,7.0,6.0,3.0,2,STAD,50,random_sampling,elasticnet,chi2
0.06363636363636363,0.2,0.09655172413793103,2.0,4.0,7.0,6.0,3.0,2,STAD,26,random_sampling,elasticnet,chi2
0.1255681818181818,0.225,0.14247876061969017,2.0,4.0,7.0,6.0,3.0,2,STAD,10,random_sampling,elasticnet,chi2
0.1207070707070707,0.225,0.13760919540229885,2.0,4.0,7.0,6.0,3.0,2,STAD,6,random_sampling,elasticnet,chi2
0.06363636363636363,0.2,0.09655172413793103,2.0,4.0,7.0,6.0,3.0,2,STAD,0,random_sampling,elasticnet,chi2
