precision,recall,f1-score,support-0,support-1,support-2,support-3,support-4,iterations,cancer,p,sampling,model,selection
0.34719696969696967,0.3416666666666667,0.3271687136393019,2.0,4.0,7.0,6.0,3.0,2,STAD,200,random_sampling,elasticnet,linreg
0.3310606060606061,0.3142857142857143,0.30746031746031743,2.0,4.0,7.0,6.0,3.0,2,STAD,100,random_sampling,elasticnet,linreg
0.23643939393939395,0.2273809523809524,0.21761204481792715,2.0,4.0,7.0,6.0,3.0,2,STAD,50,random_sampling,elasticnet,linreg
0.1919949494949495,0.18571428571428572,0.17624649859943975,2.0,4.0,7.0,6.0,3.0,2,STAD,26,random_sampling,elasticnet,linreg
0.13648351648351648,0.1869047619047619,0.14984126984126983,2.0,4.0,7.0,6.0,3.0,2,STAD,10,random_sampling,elasticnet,linreg
0.1211072261072261,0.175,0.1419047619047619,2.0,4.0,7.0,6.0,3.0,2,STAD,6,random_sampling,elasticnet,linreg
0.1460858585858586,0.2095238095238095,0.16328502415458934,2.0,4.0,7.0,6.0,3.0,2,STAD,0,random_sampling,elasticnet,linreg
