precision,recall,f1-score,support-0,support-1,support-2,support-3,support-4,iterations,cancer,p,sampling,model,selection
0.19836099663580317,0.22853571428571431,0.19575756379447132,2.0000000000000013,4.000000000000003,7.000000000000019,6.000000000000005,3.0000000000000027,200,STAD,200,random_sampling,rfreg,elasticnet
0.19969646342219877,0.22852380952380946,0.19604539471252486,2.0000000000000013,4.000000000000003,7.000000000000019,6.000000000000005,3.0000000000000027,200,STAD,100,random_sampling,rfreg,elasticnet
0.19025139398355348,0.22665476190476183,0.19126408575896853,2.0000000000000013,4.000000000000003,7.000000000000019,6.000000000000005,3.0000000000000027,200,STAD,50,random_sampling,rfreg,elasticnet
0.19785136558058383,0.22898809523809513,0.19674437748413917,2.0000000000000013,4.000000000000003,7.000000000000019,6.000000000000005,3.0000000000000027,200,STAD,26,random_sampling,rfreg,elasticnet
0.21141529201362788,0.23641666666666675,0.20735238854807164,2.0000000000000013,4.000000000000003,7.000000000000019,6.000000000000005,3.0000000000000027,200,STAD,10,random_sampling,rfreg,elasticnet
0.20786670494538137,0.2317857142857143,0.20419710601179974,2.0000000000000013,4.000000000000003,7.000000000000019,6.000000000000005,3.0000000000000027,200,STAD,6,random_sampling,rfreg,elasticnet
0.21051665027439012,0.2382619047619045,0.20773621841776757,2.0000000000000013,4.000000000000003,7.000000000000019,6.000000000000005,3.0000000000000027,200,STAD,0,random_sampling,rfreg,elasticnet
