precision,recall,f1-score,support-0,support-1,support-2,support-3,support-4,iterations,cancer,p,sampling,model,selection
0.16727183507496968,0.21198809523809514,0.16287785330995413,2.0000000000000013,4.000000000000003,7.000000000000019,6.000000000000005,3.0000000000000027,200,STAD,200,random_sampling,rfreg,elasticnet
0.14652415648506978,0.20777380952380944,0.15316692745331806,2.0000000000000013,4.000000000000003,7.000000000000019,6.000000000000005,3.0000000000000027,200,STAD,100,random_sampling,rfreg,elasticnet
0.15757115436592978,0.20761904761904756,0.15856202574913544,2.0000000000000013,4.000000000000003,7.000000000000019,6.000000000000005,3.0000000000000027,200,STAD,50,random_sampling,rfreg,elasticnet
0.147695595980387,0.20065476190476186,0.15311032640392624,2.0000000000000013,4.000000000000003,7.000000000000019,6.000000000000005,3.0000000000000027,200,STAD,26,random_sampling,rfreg,elasticnet
0.1512500027062721,0.20066666666666658,0.15950995290673248,2.0000000000000013,4.000000000000003,7.000000000000019,6.000000000000005,3.0000000000000027,200,STAD,10,random_sampling,rfreg,elasticnet
0.1554475711337166,0.20532142857142846,0.16383554562264693,2.0000000000000013,4.000000000000003,7.000000000000019,6.000000000000005,3.0000000000000027,200,STAD,6,random_sampling,rfreg,elasticnet
0.1617319811294657,0.20840476190476195,0.15817042639245385,2.0000000000000013,4.000000000000003,7.000000000000019,6.000000000000005,3.0000000000000027,200,STAD,0,random_sampling,rfreg,elasticnet
