precision,recall,f1-score,support-0,support-1,support-2,support-3,support-4,iterations,cancer,p,sampling,model,selection
0.11043956043956044,0.12738095238095237,0.10871794871794871,2.0,4.0,7.0,6.0,3.0,2,STAD,200,random_sampling,rfreg,elasticnet
0.10130718954248366,0.16190476190476188,0.11333333333333334,2.0,4.0,7.0,6.0,3.0,2,STAD,100,random_sampling,rfreg,elasticnet
0.23274725274725275,0.2154761904761905,0.17173382173382173,2.0,4.0,7.0,6.0,3.0,2,STAD,50,random_sampling,rfreg,elasticnet
0.14708333333333332,0.1869047619047619,0.15138438982832575,2.0,4.0,7.0,6.0,3.0,2,STAD,26,random_sampling,rfreg,elasticnet
0.1835127591706539,0.22023809523809523,0.17933455433455434,2.0,4.0,7.0,6.0,3.0,2,STAD,10,random_sampling,rfreg,elasticnet
0.19191176470588237,0.23214285714285715,0.18717391304347825,2.0,4.0,7.0,6.0,3.0,2,STAD,6,random_sampling,rfreg,elasticnet
0.13052503052503053,0.18452380952380953,0.1387179487179487,2.0,4.0,7.0,6.0,3.0,2,STAD,0,random_sampling,rfreg,elasticnet
