precision,recall,f1-score,support-0,support-1,support-2,support-3,support-4,iterations,cancer,p,sampling,model,selection
0.27561327561327564,0.3119047619047619,0.273109243697479,2.0,4.0,7.0,6.0,3.0,2,STAD,200,random_sampling,rfreg,elasticnet
0.19498168498168497,0.19999999999999998,0.18046620046620043,2.0,4.0,7.0,6.0,3.0,2,STAD,100,random_sampling,rfreg,elasticnet
0.13477633477633477,0.2119047619047619,0.1627195027195027,2.0,4.0,7.0,6.0,3.0,2,STAD,50,random_sampling,rfreg,elasticnet
0.31295648795648795,0.25595238095238093,0.24523809523809523,2.0,4.0,7.0,6.0,3.0,2,STAD,26,random_sampling,rfreg,elasticnet
0.1884920634920635,0.26547619047619053,0.21746336996336996,2.0,4.0,7.0,6.0,3.0,2,STAD,10,random_sampling,rfreg,elasticnet
0.1787837162837163,0.25357142857142856,0.20600840336134452,2.0,4.0,7.0,6.0,3.0,2,STAD,6,random_sampling,rfreg,elasticnet
0.17083333333333334,0.23095238095238096,0.193734335839599,2.0,4.0,7.0,6.0,3.0,2,STAD,0,random_sampling,rfreg,elasticnet
