precision,recall,f1-score,support-0,support-1,support-2,support-3,support-4,iterations,cancer,p,sampling,model,selection
0.31398962842712835,0.30199999999999994,0.2872844029357219,2.0000000000000013,4.000000000000003,7.000000000000019,6.000000000000005,3.0000000000000027,200,STAD,50,random_sampling,rfreg,elasticnet
0.31985911673465867,0.31052380952380937,0.2946186384285462,2.0000000000000013,4.000000000000003,7.000000000000019,6.000000000000005,3.0000000000000027,200,STAD,26,random_sampling,rfreg,elasticnet
0.29959469696969687,0.3053452380952379,0.286053895798343,2.0000000000000013,4.000000000000003,7.000000000000019,6.000000000000005,3.0000000000000027,200,STAD,10,random_sampling,rfreg,elasticnet
0.27894444958636133,0.2865357142857143,0.2654996965083047,2.0000000000000013,4.000000000000003,7.000000000000019,6.000000000000005,3.0000000000000027,200,STAD,6,random_sampling,rfreg,elasticnet
0.3056921919583683,0.30111904761904756,0.28265039094017963,2.0000000000000013,4.000000000000003,7.000000000000019,6.000000000000005,3.0000000000000027,200,STAD,0,random_sampling,rfreg,elasticnet
