precision,recall,f1-score,support-0,support-1,support-2,support-3,support-4,iterations,cancer,p,sampling,model,selection
0.20079127667568059,0.23180952380952372,0.19889916009492672,2.0000000000000013,4.000000000000003,7.000000000000019,6.000000000000005,3.0000000000000027,200,STAD,200,random_sampling,rfreg,elasticnet
0.20027097309725017,0.23032142857142832,0.19755271567516555,2.0000000000000013,4.000000000000003,7.000000000000019,6.000000000000005,3.0000000000000027,200,STAD,100,random_sampling,rfreg,elasticnet
0.17967752206943385,0.21541666666666653,0.18232579454264944,2.0000000000000013,4.000000000000003,7.000000000000019,6.000000000000005,3.0000000000000027,200,STAD,50,random_sampling,rfreg,elasticnet
0.19770414895561947,0.22522619047619052,0.19573995285057733,2.0000000000000013,4.000000000000003,7.000000000000019,6.000000000000005,3.0000000000000027,200,STAD,26,random_sampling,rfreg,elasticnet
0.20274116920661023,0.22819047619047603,0.19958064699505337,2.0000000000000013,4.000000000000003,7.000000000000019,6.000000000000005,3.0000000000000027,200,STAD,10,random_sampling,rfreg,elasticnet
0.202635774193127,0.22748809523809513,0.2002535651376189,2.0000000000000013,4.000000000000003,7.000000000000019,6.000000000000005,3.0000000000000027,200,STAD,6,random_sampling,rfreg,elasticnet
0.1809012254558307,0.21650000000000003,0.1825301619392855,2.0000000000000013,4.000000000000003,7.000000000000019,6.000000000000005,3.0000000000000027,200,STAD,0,random_sampling,rfreg,elasticnet
