precision,recall,f1-score,support-0,support-1,support-2,support-3,support-4,iterations,cancer,p,sampling,model,selection
0.15918078975118455,0.21241666666666667,0.16667654133141951,2.0000000000000013,4.000000000000003,7.000000000000019,6.000000000000005,3.0000000000000027,200,STAD,50,random_sampling,rfreg,elasticnet
0.15485289195238905,0.2000476190476189,0.15568384796627033,2.0000000000000013,4.000000000000003,7.000000000000019,6.000000000000005,3.0000000000000027,200,STAD,26,random_sampling,rfreg,elasticnet
0.2256245094903376,0.24869047619047605,0.2095435193930422,2.0000000000000013,4.000000000000003,7.000000000000019,6.000000000000005,3.0000000000000027,200,STAD,10,random_sampling,rfreg,elasticnet
0.23410009407946702,0.25202380952380943,0.20891479512774716,2.0000000000000013,4.000000000000003,7.000000000000019,6.000000000000005,3.0000000000000027,200,STAD,6,random_sampling,rfreg,elasticnet
0.1730417480266551,0.2196190476190475,0.1782798351825717,2.0000000000000013,4.000000000000003,7.000000000000019,6.000000000000005,3.0000000000000027,200,STAD,0,random_sampling,rfreg,elasticnet
